http://ericayvettewoods.com/2012/02/08/hello-world/,http://ericayvettewoods.com/posts/2012/02/08/hello-world.html
http://ericayvettewoods.com/about/,http://ericayvettewoods.com/pages/about.html
http://ericayvettewoods.com/himalayas/,http://ericayvettewoods.com/pages/himalayas.html
http://ericayvettewoods.com/about-me/,http://ericayvettewoods.com/pages/about-me.html
http://ericayvettewoods.com/2012/02/15/india/,http://ericayvettewoods.com/posts/2012/02/15/india.html
http://ericayvettewoods.com/2012/03/20/93/,http://ericayvettewoods.com/posts/2012/03/20/93.html
http://ericayvettewoods.com/2012/09/08/balance-surrender-change-himalayas/,http://ericayvettewoods.com/posts/2012/09/08/balance-surrender-change-himalayas.html
http://ericayvettewoods.com/2012/09/09/ch-ch-ch-ch-changes-2/,http://ericayvettewoods.com/posts/2012/09/09/ch-ch-ch-ch-changes-2.html
http://ericayvettewoods.com/2012/09/10/natalia-michaella/,http://ericayvettewoods.com/posts/2012/09/10/natalia-michaella.html
http://ericayvettewoods.com/2012/09/16/moments/,http://ericayvettewoods.com/posts/2012/09/16/moments.html
http://ericayvettewoods.com/2012/12/13/meetings-along-the-edge/,http://ericayvettewoods.com/posts/2012/12/13/meetings-along-the-edge.html
http://ericayvettewoods.com/2012/12/16/long-line-of-love/,http://ericayvettewoods.com/posts/2012/12/16/long-line-of-love.html
http://ericayvettewoods.com/phdb/,http://ericayvettewoods.com/pages/phdb.html
http://ericayvettewoods.com/phdb/article-english/,http://ericayvettewoods.com/pages/phdb/article-english.html
http://ericayvettewoods.com/phdb/artigo-portuguese/,http://ericayvettewoods.com/pages/phdb/artigo-portuguese.html
http://ericayvettewoods.com/phdb/intentions-portuguese/,http://ericayvettewoods.com/pages/phdb/intentions-portuguese.html
http://ericayvettewoods.com/phdb/intentions/,http://ericayvettewoods.com/pages/phdb/intentions.html
http://ericayvettewoods.com/tag/menu,/categories/menu.html
